<assembly xmlns="http://maven.apache.org/plugins/maven-assembly-plugin/assembly/1.1.0" xmlns:xsi="http://www.w3.org/2001/XMLSchema-instance"
  xsi:schemaLocation="http://maven.apache.org/plugins/maven-assembly-plugin/assembly/1.1.0 http://maven.apache.org/xsd/assembly-1.1.0.xsd">
  <id>bin</id>
  <baseDirectory>/</baseDirectory>

<!--  START SNIPPET: formats  -->
<formats>
<format>zip</format>
</formats>
<includeBaseDirectory>false</includeBaseDirectory>
<!--  END SNIPPET: formats  -->
<!--  START SNIPPET: fileSets  -->
<files>
	<file>
		<source>${project.basedir}/pom.xml</source>
	</file>
</files>
<fileSets>
	<fileSet>
		<directory>${project.basedir}/src</directory>
	</fileSet>
</fileSets>
<!--  END SNIPPET: fileSets  -->
</assembly>